<mxfile host="app.diagrams.net" modified="2024-03-30T08:43:17.216Z" agent="Mozilla/5.0 (Windows NT 10.0; Win64; x64) AppleWebKit/537.36 (KHTML, like Gecko) Chrome/122.0.0.0 Safari/537.36" etag="xEOk_Yklk43HOV8SjZiG" version="24.2.1" type="device">
  <diagram id="pOa4QvilqFRjY3F5ro4D" name="Page-1">
    <mxGraphModel dx="1004" dy="1650" grid="1" gridSize="10" guides="1" tooltips="1" connect="1" arrows="1" fold="1" page="1" pageScale="1" pageWidth="850" pageHeight="1100" math="0" shadow="0">
      <root>
        <mxCell id="0" />
        <mxCell id="1" parent="0" />
        <mxCell id="F9P9xRYhroF0-djv7966-1" value="Dynamic Corpora" style="rounded=0;whiteSpace=wrap;html=1;fillColor=#dae8fc;strokeColor=#6c8ebf;" parent="1" vertex="1">
          <mxGeometry x="300" y="-70" width="130" height="60" as="geometry" />
        </mxCell>
        <mxCell id="F9P9xRYhroF0-djv7966-4" value="" style="endArrow=classic;html=1;exitX=0.5;exitY=1;exitDx=0;exitDy=0;entryX=0.5;entryY=0;entryDx=0;entryDy=0;" parent="1" source="F9P9xRYhroF0-djv7966-1" target="F9P9xRYhroF0-djv7966-8" edge="1">
          <mxGeometry width="50" height="50" relative="1" as="geometry">
            <mxPoint x="400" y="340" as="sourcePoint" />
            <mxPoint x="285" y="220" as="targetPoint" />
          </mxGeometry>
        </mxCell>
        <mxCell id="F9P9xRYhroF0-djv7966-7" value="" style="endArrow=classic;html=1;exitX=1;exitY=0.5;exitDx=0;exitDy=0;entryX=0;entryY=0.5;entryDx=0;entryDy=0;" parent="1" target="F9P9xRYhroF0-djv7966-8" edge="1">
          <mxGeometry width="50" height="50" relative="1" as="geometry">
            <mxPoint x="150" y="60" as="sourcePoint" />
            <mxPoint x="170" y="250" as="targetPoint" />
          </mxGeometry>
        </mxCell>
        <mxCell id="F9P9xRYhroF0-djv7966-8" value="Keyword based Clustering&amp;nbsp;" style="rounded=0;whiteSpace=wrap;html=1;fillColor=#f8cecc;strokeColor=#b85450;" parent="1" vertex="1">
          <mxGeometry x="245" y="30" width="70" height="60" as="geometry" />
        </mxCell>
        <mxCell id="F9P9xRYhroF0-djv7966-9" value="" style="endArrow=classic;html=1;exitX=0.5;exitY=1;exitDx=0;exitDy=0;" parent="1" source="F9P9xRYhroF0-djv7966-8" edge="1">
          <mxGeometry width="50" height="50" relative="1" as="geometry">
            <mxPoint x="400" y="330" as="sourcePoint" />
            <mxPoint x="280" y="160" as="targetPoint" />
          </mxGeometry>
        </mxCell>
        <mxCell id="F9P9xRYhroF0-djv7966-10" value="Knowledge Graph&amp;nbsp;&lt;br&gt;Formation" style="rounded=0;whiteSpace=wrap;html=1;fillColor=#fff2cc;strokeColor=#d6b656;" parent="1" vertex="1">
          <mxGeometry x="380" y="110" width="120" height="60" as="geometry" />
        </mxCell>
        <mxCell id="F9P9xRYhroF0-djv7966-11" value="Section of top few matches from each cluster" style="rounded=0;whiteSpace=wrap;html=1;fillColor=#dae8fc;strokeColor=#6c8ebf;" parent="1" vertex="1">
          <mxGeometry x="220" y="110" width="120" height="60" as="geometry" />
        </mxCell>
        <mxCell id="F9P9xRYhroF0-djv7966-14" value="Keywords" style="text;html=1;strokeColor=none;fillColor=none;align=center;verticalAlign=middle;whiteSpace=wrap;rounded=0;" parent="1" vertex="1">
          <mxGeometry x="170" y="40" width="40" height="20" as="geometry" />
        </mxCell>
        <mxCell id="F9P9xRYhroF0-djv7966-15" value="" style="endArrow=classic;html=1;exitX=1;exitY=0.5;exitDx=0;exitDy=0;entryX=0;entryY=0.5;entryDx=0;entryDy=0;" parent="1" source="F9P9xRYhroF0-djv7966-11" target="F9P9xRYhroF0-djv7966-10" edge="1">
          <mxGeometry width="50" height="50" relative="1" as="geometry">
            <mxPoint x="350" y="250" as="sourcePoint" />
            <mxPoint x="400" y="250" as="targetPoint" />
          </mxGeometry>
        </mxCell>
        <mxCell id="F9P9xRYhroF0-djv7966-17" value="Node2Vec&amp;nbsp;&lt;br&gt;Graph based Algorithm applied on Nodes" style="rounded=0;whiteSpace=wrap;html=1;fillColor=#d5e8d4;strokeColor=#82b366;" parent="1" vertex="1">
          <mxGeometry x="380" y="200" width="120" height="60" as="geometry" />
        </mxCell>
        <mxCell id="F9P9xRYhroF0-djv7966-25" value="" style="endArrow=classic;html=1;exitX=0.5;exitY=1;exitDx=0;exitDy=0;entryX=0.5;entryY=0;entryDx=0;entryDy=0;" parent="1" source="F9P9xRYhroF0-djv7966-10" target="F9P9xRYhroF0-djv7966-17" edge="1">
          <mxGeometry width="50" height="50" relative="1" as="geometry">
            <mxPoint x="390" y="220" as="sourcePoint" />
            <mxPoint x="440" y="170" as="targetPoint" />
          </mxGeometry>
        </mxCell>
        <mxCell id="F9P9xRYhroF0-djv7966-34" value="" style="endArrow=classic;html=1;exitX=0.5;exitY=1;exitDx=0;exitDy=0;" parent="1" source="F9P9xRYhroF0-djv7966-17" edge="1">
          <mxGeometry width="50" height="50" relative="1" as="geometry">
            <mxPoint x="460" y="370" as="sourcePoint" />
            <mxPoint x="440" y="310" as="targetPoint" />
          </mxGeometry>
        </mxCell>
        <mxCell id="F9P9xRYhroF0-djv7966-37" value="Finding the semantic Similarity&amp;nbsp;" style="rounded=0;whiteSpace=wrap;html=1;fillColor=#f8cecc;strokeColor=#b85450;" parent="1" vertex="1">
          <mxGeometry x="380" y="310" width="120" height="60" as="geometry" />
        </mxCell>
        <mxCell id="F9P9xRYhroF0-djv7966-39" value="Ranking&lt;br&gt;Algorithm" style="rounded=0;whiteSpace=wrap;html=1;fillColor=#f8cecc;strokeColor=#b85450;" parent="1" vertex="1">
          <mxGeometry x="550" y="310" width="70" height="60" as="geometry" />
        </mxCell>
        <mxCell id="F9P9xRYhroF0-djv7966-40" value="" style="endArrow=classic;html=1;exitX=1.038;exitY=0.627;exitDx=0;exitDy=0;exitPerimeter=0;entryX=-0.002;entryY=0.627;entryDx=0;entryDy=0;entryPerimeter=0;" parent="1" source="F9P9xRYhroF0-djv7966-37" target="F9P9xRYhroF0-djv7966-39" edge="1">
          <mxGeometry width="50" height="50" relative="1" as="geometry">
            <mxPoint x="440" y="380" as="sourcePoint" />
            <mxPoint x="490" y="330" as="targetPoint" />
          </mxGeometry>
        </mxCell>
        <mxCell id="F9P9xRYhroF0-djv7966-42" value="" style="endArrow=classic;html=1;" parent="1" edge="1">
          <mxGeometry width="50" height="50" relative="1" as="geometry">
            <mxPoint x="620" y="348" as="sourcePoint" />
            <mxPoint x="650" y="348" as="targetPoint" />
          </mxGeometry>
        </mxCell>
        <mxCell id="F9P9xRYhroF0-djv7966-43" value="" style="shape=image;html=1;verticalAlign=top;verticalLabelPosition=bottom;labelBackgroundColor=#ffffff;imageAspect=0;aspect=fixed;image=https://cdn2.iconfinder.com/data/icons/files-folders-3/24/files-folders-53-128.png" parent="1" vertex="1">
          <mxGeometry x="652" y="311" width="58" height="58" as="geometry" />
        </mxCell>
        <mxCell id="F9P9xRYhroF0-djv7966-44" value="" style="shape=image;html=1;verticalAlign=top;verticalLabelPosition=bottom;labelBackgroundColor=#ffffff;imageAspect=0;aspect=fixed;image=https://cdn0.iconfinder.com/data/icons/feather/96/paper-128.png" parent="1" vertex="1">
          <mxGeometry x="80" y="20" width="70" height="70" as="geometry" />
        </mxCell>
        <mxCell id="F9P9xRYhroF0-djv7966-48" value="Embeddings" style="text;html=1;strokeColor=none;fillColor=none;align=center;verticalAlign=middle;whiteSpace=wrap;rounded=0;" parent="1" vertex="1">
          <mxGeometry x="440" y="280" width="70" height="20" as="geometry" />
        </mxCell>
        <mxCell id="F9P9xRYhroF0-djv7966-49" value="Final Set of News Articles" style="text;html=1;strokeColor=none;fillColor=none;align=center;verticalAlign=middle;whiteSpace=wrap;rounded=0;" parent="1" vertex="1">
          <mxGeometry x="630" y="280" width="80" height="20" as="geometry" />
        </mxCell>
        <mxCell id="F9P9xRYhroF0-djv7966-56" value="1" style="ellipse;whiteSpace=wrap;html=1;fillColor=none;" parent="1" vertex="1">
          <mxGeometry x="175" y="70" width="30" height="20" as="geometry" />
        </mxCell>
        <mxCell id="F9P9xRYhroF0-djv7966-58" value="2" style="ellipse;whiteSpace=wrap;html=1;fillColor=none;" parent="1" vertex="1">
          <mxGeometry x="320" y="50" width="30" height="20" as="geometry" />
        </mxCell>
        <mxCell id="F9P9xRYhroF0-djv7966-60" value="3" style="ellipse;whiteSpace=wrap;html=1;fillColor=none;" parent="1" vertex="1">
          <mxGeometry x="260" y="180" width="30" height="20" as="geometry" />
        </mxCell>
        <mxCell id="F9P9xRYhroF0-djv7966-61" value="4" style="ellipse;whiteSpace=wrap;html=1;fillColor=none;" parent="1" vertex="1">
          <mxGeometry x="510" y="130" width="30" height="20" as="geometry" />
        </mxCell>
        <mxCell id="F9P9xRYhroF0-djv7966-62" value="7" style="ellipse;whiteSpace=wrap;html=1;fillColor=none;" parent="1" vertex="1">
          <mxGeometry x="570" y="390" width="30" height="20" as="geometry" />
        </mxCell>
        <mxCell id="F9P9xRYhroF0-djv7966-63" value="5" style="ellipse;whiteSpace=wrap;html=1;fillColor=none;" parent="1" vertex="1">
          <mxGeometry x="510" y="220" width="30" height="20" as="geometry" />
        </mxCell>
        <mxCell id="5iQ-XCNhNdqY17EEtOHZ-4" value="Static Corpora" style="rounded=0;whiteSpace=wrap;html=1;fillColor=#dae8fc;strokeColor=#6c8ebf;" parent="1" vertex="1">
          <mxGeometry x="160" y="-70" width="130" height="60" as="geometry" />
        </mxCell>
        <mxCell id="5iQ-XCNhNdqY17EEtOHZ-5" value="" style="endArrow=classic;html=1;exitX=0.5;exitY=1;exitDx=0;exitDy=0;entryX=0.5;entryY=0;entryDx=0;entryDy=0;" parent="1" source="5iQ-XCNhNdqY17EEtOHZ-4" target="F9P9xRYhroF0-djv7966-8" edge="1">
          <mxGeometry width="50" height="50" relative="1" as="geometry">
            <mxPoint x="375" as="sourcePoint" />
            <mxPoint x="270" y="20" as="targetPoint" />
          </mxGeometry>
        </mxCell>
        <mxCell id="5iQ-XCNhNdqY17EEtOHZ-9" value="6" style="ellipse;whiteSpace=wrap;html=1;fillColor=none;" parent="1" vertex="1">
          <mxGeometry x="440" y="390" width="30" height="20" as="geometry" />
        </mxCell>
        <mxCell id="5iQ-XCNhNdqY17EEtOHZ-10" value="8" style="ellipse;whiteSpace=wrap;html=1;fillColor=none;" parent="1" vertex="1">
          <mxGeometry x="680" y="390" width="30" height="20" as="geometry" />
        </mxCell>
      </root>
    </mxGraphModel>
  </diagram>
</mxfile>
