<?xml version="1.0" encoding="UTF-8"?>
<mxfile host="app.diagrams.net" modified="2024-03-30T08:52:33.218Z" agent="Mozilla/5.0 (Windows NT 10.0; Win64; x64) AppleWebKit/537.36 (KHTML, like Gecko) Chrome/122.0.0.0 Safari/537.36" version="24.2.1" etag="5Q6n3ceZUtMybF8kTk17" type="device">
  <diagram name="Page-1" id="tGnvbIisvLYF2BVuagXK">
    <mxGraphModel dx="1004" dy="550" grid="0" gridSize="10" guides="1" tooltips="1" connect="1" arrows="1" fold="1" page="0" pageScale="1" pageWidth="850" pageHeight="1100" background="none" math="0" shadow="0">
      <root>
        <mxCell id="0" />
        <mxCell id="1" parent="0" />
        <mxCell id="2" value="" style="group" vertex="1" connectable="0" parent="1">
          <mxGeometry x="183" y="82" width="760" height="410" as="geometry" />
        </mxCell>
        <mxCell id="3" value="" style="group" vertex="1" connectable="0" parent="2">
          <mxGeometry width="760" height="410" as="geometry" />
        </mxCell>
        <mxCell id="4" value="&lt;hr&gt;&lt;hr&gt;" style="rounded=0;whiteSpace=wrap;html=1;fillColor=none;fontColor=#333333;strokeColor=#666666;fillStyle=auto;" vertex="1" parent="3">
          <mxGeometry x="190" width="570" height="410" as="geometry" />
        </mxCell>
        <mxCell id="5" value="Initial Set of News Documents" style="swimlane;fontStyle=0;childLayout=stackLayout;horizontal=1;startSize=30;horizontalStack=0;resizeParent=1;resizeParentMax=0;resizeLast=0;collapsible=1;marginBottom=0;whiteSpace=wrap;html=1;" vertex="1" parent="3">
          <mxGeometry x="40" y="130" width="100" height="120" as="geometry" />
        </mxCell>
        <mxCell id="6" value="News 1" style="text;strokeColor=none;fillColor=none;align=left;verticalAlign=middle;spacingLeft=4;spacingRight=4;overflow=hidden;points=[[0,0.5],[1,0.5]];portConstraint=eastwest;rotatable=0;whiteSpace=wrap;html=1;" vertex="1" parent="5">
          <mxGeometry y="30" width="100" height="30" as="geometry" />
        </mxCell>
        <mxCell id="7" value="News 2" style="text;strokeColor=none;fillColor=none;align=left;verticalAlign=middle;spacingLeft=4;spacingRight=4;overflow=hidden;points=[[0,0.5],[1,0.5]];portConstraint=eastwest;rotatable=0;whiteSpace=wrap;html=1;" vertex="1" parent="5">
          <mxGeometry y="60" width="100" height="30" as="geometry" />
        </mxCell>
        <mxCell id="8" value="News 3 etc." style="text;strokeColor=none;fillColor=none;align=left;verticalAlign=middle;spacingLeft=4;spacingRight=4;overflow=hidden;points=[[0,0.5],[1,0.5]];portConstraint=eastwest;rotatable=0;whiteSpace=wrap;html=1;" vertex="1" parent="5">
          <mxGeometry y="90" width="100" height="30" as="geometry" />
        </mxCell>
        <mxCell id="9" value="" style="shape=singleArrow;whiteSpace=wrap;html=1;" vertex="1" parent="3">
          <mxGeometry x="140" y="145" width="50" height="60" as="geometry" />
        </mxCell>
        <mxCell id="10" value="" style="group" vertex="1" connectable="0" parent="2">
          <mxGeometry x="220" y="40" width="500" height="330" as="geometry" />
        </mxCell>
        <mxCell id="11" value="" style="group" vertex="1" connectable="0" parent="10">
          <mxGeometry x="300" width="200" height="230" as="geometry" />
        </mxCell>
        <mxCell id="12" value="&lt;b&gt;Abstractive Summarization&lt;/b&gt;" style="text;html=1;strokeColor=none;fillColor=none;align=center;verticalAlign=middle;whiteSpace=wrap;rounded=0;" vertex="1" parent="11">
          <mxGeometry x="25" width="175" height="30" as="geometry" />
        </mxCell>
        <mxCell id="13" value="" style="group" vertex="1" connectable="0" parent="11">
          <mxGeometry y="30" width="200" height="200" as="geometry" />
        </mxCell>
        <mxCell id="14" value="" style="whiteSpace=wrap;html=1;aspect=fixed;fillColor=#f5f5f5;fontColor=#333333;strokeColor=#666666;" vertex="1" parent="13">
          <mxGeometry width="200" height="200" as="geometry" />
        </mxCell>
        <mxCell id="15" value="&lt;b&gt;BERT&lt;br&gt;Encoder&lt;br&gt;&lt;/b&gt;" style="rounded=0;whiteSpace=wrap;html=1;fillColor=#dae8fc;strokeColor=#6c8ebf;" vertex="1" parent="13">
          <mxGeometry x="50" y="40" width="110" height="60" as="geometry" />
        </mxCell>
        <mxCell id="16" value="&lt;b&gt;GPT-&lt;br&gt;Auto regressive&lt;br&gt;Decoder&lt;br&gt;&lt;/b&gt;" style="rounded=0;whiteSpace=wrap;html=1;fillColor=#d5e8d4;strokeColor=#82b366;" vertex="1" parent="13">
          <mxGeometry x="40" y="130" width="120" height="60" as="geometry" />
        </mxCell>
        <mxCell id="17" value="&lt;b&gt;BART MODEL&lt;/b&gt;" style="text;html=1;strokeColor=none;fillColor=none;align=center;verticalAlign=middle;whiteSpace=wrap;rounded=0;" vertex="1" parent="13">
          <mxGeometry x="65" y="10" width="90" height="30" as="geometry" />
        </mxCell>
        <mxCell id="18" value="" style="shape=flexArrow;endArrow=classic;html=1;rounded=0;exitX=0.5;exitY=1;exitDx=0;exitDy=0;" edge="1" parent="13" source="15">
          <mxGeometry width="50" height="50" relative="1" as="geometry">
            <mxPoint x="-230" y="110" as="sourcePoint" />
            <mxPoint x="105" y="130" as="targetPoint" />
          </mxGeometry>
        </mxCell>
        <mxCell id="19" value="" style="endArrow=classic;html=1;rounded=0;entryX=0;entryY=0;entryDx=0;entryDy=0;" edge="1" parent="13" target="15">
          <mxGeometry width="50" height="50" relative="1" as="geometry">
            <mxPoint y="40" as="sourcePoint" />
            <mxPoint x="190" y="120" as="targetPoint" />
          </mxGeometry>
        </mxCell>
        <mxCell id="20" value="" style="endArrow=classic;html=1;rounded=0;entryX=0;entryY=0.25;entryDx=0;entryDy=0;" edge="1" parent="13" target="15">
          <mxGeometry width="50" height="50" relative="1" as="geometry">
            <mxPoint y="55" as="sourcePoint" />
            <mxPoint x="40" y="60" as="targetPoint" />
          </mxGeometry>
        </mxCell>
        <mxCell id="21" value="" style="group" vertex="1" connectable="0" parent="10">
          <mxGeometry width="200" height="230" as="geometry" />
        </mxCell>
        <mxCell id="22" value="" style="rounded=0;whiteSpace=wrap;html=1;fillColor=#f5f5f5;fontColor=#333333;strokeColor=#666666;" vertex="1" parent="21">
          <mxGeometry y="30" width="200" height="200" as="geometry" />
        </mxCell>
        <mxCell id="23" value="NSP" style="rounded=0;whiteSpace=wrap;html=1;fontStyle=1;fillColor=#dae8fc;strokeColor=#6c8ebf;" vertex="1" parent="21">
          <mxGeometry x="40" y="70" width="120" height="60" as="geometry" />
        </mxCell>
        <mxCell id="24" value="MLM" style="rounded=0;whiteSpace=wrap;html=1;fontStyle=1;fillColor=#d5e8d4;strokeColor=#82b366;" vertex="1" parent="21">
          <mxGeometry x="40" y="160" width="120" height="60" as="geometry" />
        </mxCell>
        <mxCell id="25" value="&lt;b&gt;BERT MODEL&lt;/b&gt;" style="text;html=1;strokeColor=none;fillColor=none;align=center;verticalAlign=middle;whiteSpace=wrap;rounded=0;" vertex="1" parent="21">
          <mxGeometry x="40" y="40" width="120" height="30" as="geometry" />
        </mxCell>
        <mxCell id="26" value="&lt;b&gt;Extractive Summarization&lt;/b&gt;" style="text;html=1;strokeColor=none;fillColor=none;align=center;verticalAlign=middle;whiteSpace=wrap;rounded=0;" vertex="1" parent="21">
          <mxGeometry x="35" width="150" height="30" as="geometry" />
        </mxCell>
        <mxCell id="27" value="" style="shape=flexArrow;endArrow=classic;html=1;rounded=0;entryX=0.5;entryY=0;entryDx=0;entryDy=0;" edge="1" parent="21" source="23" target="24">
          <mxGeometry width="50" height="50" relative="1" as="geometry">
            <mxPoint x="400" y="330" as="sourcePoint" />
            <mxPoint x="450" y="280" as="targetPoint" />
          </mxGeometry>
        </mxCell>
        <mxCell id="28" value="" style="shape=flexArrow;endArrow=classic;html=1;rounded=0;exitX=1;exitY=0.25;exitDx=0;exitDy=0;entryX=0;entryY=0.25;entryDx=0;entryDy=0;" edge="1" parent="10" source="22" target="14">
          <mxGeometry width="50" height="50" relative="1" as="geometry">
            <mxPoint x="345" y="130" as="sourcePoint" />
            <mxPoint x="360" y="70" as="targetPoint" />
            <Array as="points" />
          </mxGeometry>
        </mxCell>
        <mxCell id="29" value="" style="shape=flexArrow;endArrow=classic;startArrow=classic;html=1;rounded=0;" edge="1" parent="10">
          <mxGeometry width="100" height="100" relative="1" as="geometry">
            <mxPoint y="290" as="sourcePoint" />
            <mxPoint x="210" y="290" as="targetPoint" />
            <Array as="points">
              <mxPoint x="110" y="290" />
            </Array>
          </mxGeometry>
        </mxCell>
        <mxCell id="30" value="Bidirectional" style="text;html=1;strokeColor=none;fillColor=none;align=center;verticalAlign=middle;whiteSpace=wrap;rounded=0;" vertex="1" parent="10">
          <mxGeometry x="40" y="300" width="100" height="30" as="geometry" />
        </mxCell>
        <mxCell id="31" value="" style="endArrow=classic;html=1;rounded=0;" edge="1" parent="10">
          <mxGeometry width="50" height="50" relative="1" as="geometry">
            <mxPoint x="40" y="250" as="sourcePoint" />
            <mxPoint x="40" y="230" as="targetPoint" />
          </mxGeometry>
        </mxCell>
        <mxCell id="32" value="" style="endArrow=classic;html=1;rounded=0;" edge="1" parent="10" source="40">
          <mxGeometry width="50" height="50" relative="1" as="geometry">
            <mxPoint x="70" y="250" as="sourcePoint" />
            <mxPoint x="70" y="230" as="targetPoint" />
          </mxGeometry>
        </mxCell>
        <mxCell id="33" value="" style="endArrow=classic;html=1;rounded=0;" edge="1" parent="10">
          <mxGeometry width="50" height="50" relative="1" as="geometry">
            <mxPoint x="100" y="250" as="sourcePoint" />
            <mxPoint x="100" y="230" as="targetPoint" />
          </mxGeometry>
        </mxCell>
        <mxCell id="34" value="" style="endArrow=classic;html=1;rounded=0;" edge="1" parent="10">
          <mxGeometry width="50" height="50" relative="1" as="geometry">
            <mxPoint x="130" y="250" as="sourcePoint" />
            <mxPoint x="130" y="230" as="targetPoint" />
          </mxGeometry>
        </mxCell>
        <mxCell id="35" value="" style="endArrow=classic;html=1;rounded=0;" edge="1" parent="10">
          <mxGeometry width="50" height="50" relative="1" as="geometry">
            <mxPoint x="160" y="250" as="sourcePoint" />
            <mxPoint x="160" y="230" as="targetPoint" />
          </mxGeometry>
        </mxCell>
        <mxCell id="36" value="Cat" style="text;html=1;strokeColor=none;fillColor=none;align=center;verticalAlign=middle;whiteSpace=wrap;rounded=0;" vertex="1" parent="10">
          <mxGeometry y="250" width="60" height="30" as="geometry" />
        </mxCell>
        <mxCell id="37" value="&lt;i&gt;&lt;b&gt;Mask&lt;/b&gt;&lt;/i&gt;" style="text;html=1;strokeColor=none;fillColor=none;align=center;verticalAlign=middle;whiteSpace=wrap;rounded=0;" vertex="1" parent="10">
          <mxGeometry x="112.5" y="250" width="30" height="30" as="geometry" />
        </mxCell>
        <mxCell id="38" value="Milk" style="text;html=1;strokeColor=none;fillColor=none;align=center;verticalAlign=middle;whiteSpace=wrap;rounded=0;" vertex="1" parent="10">
          <mxGeometry x="150" y="250" width="40" height="30" as="geometry" />
        </mxCell>
        <mxCell id="39" value="" style="endArrow=classic;html=1;rounded=0;" edge="1" parent="10" target="40">
          <mxGeometry width="50" height="50" relative="1" as="geometry">
            <mxPoint x="70" y="250" as="sourcePoint" />
            <mxPoint x="70" y="230" as="targetPoint" />
          </mxGeometry>
        </mxCell>
        <mxCell id="40" value="loves" style="text;html=1;strokeColor=none;fillColor=none;align=center;verticalAlign=middle;whiteSpace=wrap;rounded=0;" vertex="1" parent="10">
          <mxGeometry x="40" y="250" width="60" height="30" as="geometry" />
        </mxCell>
        <mxCell id="41" value="to" style="text;html=1;strokeColor=none;fillColor=none;align=center;verticalAlign=middle;whiteSpace=wrap;rounded=0;" vertex="1" parent="10">
          <mxGeometry x="87.5" y="250" width="25" height="30" as="geometry" />
        </mxCell>
        <mxCell id="42" value="" style="shape=flexArrow;endArrow=classic;html=1;rounded=0;" edge="1" parent="10">
          <mxGeometry width="50" height="50" relative="1" as="geometry">
            <mxPoint x="290" y="294.5" as="sourcePoint" />
            <mxPoint x="490" y="294.5" as="targetPoint" />
            <Array as="points">
              <mxPoint x="330" y="294.5" />
            </Array>
          </mxGeometry>
        </mxCell>
        <mxCell id="43" value="Single Directional" style="text;html=1;strokeColor=none;fillColor=none;align=center;verticalAlign=middle;whiteSpace=wrap;rounded=0;" vertex="1" parent="10">
          <mxGeometry x="310" y="300" width="100" height="30" as="geometry" />
        </mxCell>
        <mxCell id="44" value="" style="endArrow=classic;html=1;rounded=0;" edge="1" parent="10">
          <mxGeometry width="50" height="50" relative="1" as="geometry">
            <mxPoint x="300" y="110" as="sourcePoint" />
            <mxPoint x="350" y="110" as="targetPoint" />
          </mxGeometry>
        </mxCell>
        <mxCell id="45" value="" style="endArrow=classic;html=1;rounded=0;" edge="1" parent="10">
          <mxGeometry width="50" height="50" relative="1" as="geometry">
            <mxPoint x="300" y="120" as="sourcePoint" />
            <mxPoint x="350" y="120" as="targetPoint" />
          </mxGeometry>
        </mxCell>
        <mxCell id="46" value="" style="endArrow=classic;html=1;rounded=0;exitX=0;exitY=0.35;exitDx=0;exitDy=0;exitPerimeter=0;" edge="1" parent="10" source="14">
          <mxGeometry width="50" height="50" relative="1" as="geometry">
            <mxPoint x="310" y="100" as="sourcePoint" />
            <mxPoint x="350" y="100" as="targetPoint" />
          </mxGeometry>
        </mxCell>
        <mxCell id="47" value="" style="endArrow=classic;html=1;rounded=0;" edge="1" parent="10">
          <mxGeometry width="50" height="50" relative="1" as="geometry">
            <mxPoint x="310" y="260" as="sourcePoint" />
            <mxPoint x="310" y="260" as="targetPoint" />
          </mxGeometry>
        </mxCell>
        <mxCell id="48" value="" style="endArrow=classic;html=1;rounded=0;" edge="1" parent="10">
          <mxGeometry width="50" height="50" relative="1" as="geometry">
            <mxPoint x="330" y="230" as="sourcePoint" />
            <mxPoint x="330" y="260" as="targetPoint" />
          </mxGeometry>
        </mxCell>
        <mxCell id="49" value="" style="endArrow=classic;html=1;rounded=0;exitX=0.25;exitY=1;exitDx=0;exitDy=0;" edge="1" parent="10" source="14">
          <mxGeometry width="50" height="50" relative="1" as="geometry">
            <mxPoint x="340" y="240" as="sourcePoint" />
            <mxPoint x="350" y="260" as="targetPoint" />
          </mxGeometry>
        </mxCell>
        <mxCell id="50" value="" style="endArrow=classic;html=1;rounded=0;" edge="1" parent="10" source="54">
          <mxGeometry width="50" height="50" relative="1" as="geometry">
            <mxPoint x="370" y="230" as="sourcePoint" />
            <mxPoint x="370" y="260" as="targetPoint" />
          </mxGeometry>
        </mxCell>
        <mxCell id="51" value="" style="endArrow=classic;html=1;rounded=0;exitX=0.45;exitY=1;exitDx=0;exitDy=0;exitPerimeter=0;" edge="1" parent="10" source="14">
          <mxGeometry width="50" height="50" relative="1" as="geometry">
            <mxPoint x="380" y="240" as="sourcePoint" />
            <mxPoint x="390" y="260" as="targetPoint" />
          </mxGeometry>
        </mxCell>
        <mxCell id="52" value="" style="endArrow=classic;html=1;rounded=0;" edge="1" parent="10">
          <mxGeometry width="50" height="50" relative="1" as="geometry">
            <mxPoint x="310" y="230" as="sourcePoint" />
            <mxPoint x="310" y="260" as="targetPoint" />
          </mxGeometry>
        </mxCell>
        <mxCell id="53" value="" style="endArrow=classic;html=1;rounded=0;entryX=0.644;entryY=-0.067;entryDx=0;entryDy=0;entryPerimeter=0;" edge="1" parent="10" target="54">
          <mxGeometry width="50" height="50" relative="1" as="geometry">
            <mxPoint x="370" y="230" as="sourcePoint" />
            <mxPoint x="370" y="260" as="targetPoint" />
          </mxGeometry>
        </mxCell>
        <mxCell id="54" value="Cat loves to drink milk" style="text;html=1;strokeColor=none;fillColor=none;align=center;verticalAlign=middle;whiteSpace=wrap;rounded=0;" vertex="1" parent="10">
          <mxGeometry x="280" y="260" width="140" height="30" as="geometry" />
        </mxCell>
      </root>
    </mxGraphModel>
  </diagram>
</mxfile>
